id,date joined,gender,age,country,words in description,purchases
1,1977-04-12,male,49,US,237,22
2,1996-04-18,male,59,KO,338,74
3,1982-09-27,female,52,JP,136,80
4,2009-04-07,male,46,KO,621,89
5,1998-09-27,male,59,JP,198,10
6,2013-11-20,male,53,KO,358,46
7,2014-06-24,female,43,US,3,32
8,1998-06-18,female,42,JP,326,45
9,1990-03-05,female,46,JP,958,50
10,1974-02-01,female,48,JP,882,15
11,1987-01-08,female,25,US,7,62
12,1986-02-09,male,18,US,464,33
13,2019-12-12,female,32,KO,899,96
14,1989-02-24,female,36,JP,638,57
15,2007-09-06,male,38,KO,219,86
16,1978-08-21,male,21,KO,914,0
17,1991-08-31,male,42,US,864,51
18,1986-06-10,male,24,KO,744,90
19,2000-10-03,female,29,KO,432,40
20,2008-02-11,male,32,US,49,83
21,1997-04-09,male,18,JP,450,72
22,2006-08-25,male,50,US,624,84
23,2010-11-09,female,59,JP,323,73
24,2014-12-12,female,31,US,764,61
25,2011-09-22,female,18,KO,436,64
26,1995-10-19,female,47,JP,694,62
27,2003-01-04,female,39,JP,717,51
28,1990-12-11,female,22,JP,250,97
29,2000-10-27,female,34,US,11,21
30,2002-12-24,male,32,JP,765,14
31,1984-09-08,female,54,US,187,98
32,2011-01-17,female,29,JP,565,53
33,1998-02-19,male,47,US,194,67
34,2008-10-14,female,22,JP,185,56
35,1979-03-29,female,31,JP,775,32
36,2004-12-05,male,18,US,211,12
37,2006-08-18,male,29,KO,465,45
38,2005-08-19,female,54,US,889,42
39,2015-05-23,female,51,US,294,30
40,1976-08-17,female,31,KO,558,89
41,1994-07-26,female,39,JP,561,56
42,1987-02-25,male,53,US,201,42
43,2019-01-16,male,20,US,787,99
44,2020-02-16,female,57,JP,726,49
45,1997-05-21,male,49,JP,153,65
46,2016-12-27,male,53,US,338,45
47,1976-12-29,female,58,JP,502,33
48,2009-05-17,male,52,KO,21,41
49,1995-07-16,female,23,JP,321,99
50,2007-04-30,male,22,KO,482,96
51,1982-05-08,male,54,JP,162,36
52,1985-12-28,male,53,US,810,64
53,1988-08-20,female,21,KO,115,43
54,1977-04-30,female,32,JP,124,64
55,1993-11-21,female,38,US,170,20
56,2018-03-23,female,22,JP,813,40
57,1970-12-08,female,28,JP,568,69
58,1979-08-04,male,42,KO,89,49
59,2014-08-27,male,51,JP,1,41
60,1976-10-15,female,31,US,142,20
61,1988-06-18,female,54,US,313,86
62,1977-06-09,male,33,US,319,37
63,1970-03-12,female,37,KO,648,5
64,2000-10-07,male,52,KO,533,85
65,2004-02-01,male,38,US,863,56
66,2018-05-22,female,43,JP,793,64
67,2008-04-17,female,37,KO,486,63
68,2004-10-13,female,24,US,720,4
69,2016-04-25,female,27,KO,541,57
70,1995-05-16,male,20,KO,262,59
71,1989-11-30,male,30,US,906,83
72,1981-04-07,female,56,JP,89,34
73,1992-09-14,female,39,KO,459,97
74,1973-05-05,female,56,US,560,35
75,2015-01-09,male,45,KO,730,0
76,2003-08-13,female,54,KO,154,49
77,2000-04-18,female,57,KO,863,12
78,1980-01-24,female,18,JP,936,1
79,2013-03-13,female,31,KO,187,73
80,1976-04-13,female,24,KO,39,29
81,2013-11-29,male,59,JP,55,79
82,2010-09-11,female,40,KO,88,46
83,1980-03-10,female,30,JP,567,23
84,2008-03-25,female,26,US,134,84
85,1970-10-17,male,43,KO,515,77
86,2007-03-29,female,59,KO,196,93
87,1973-10-28,male,26,JP,417,70
88,1999-05-06,female,50,JP,97,67
89,1987-07-05,female,47,KO,726,61
90,2009-11-13,male,54,US,409,86
91,1978-05-26,male,28,JP,820,21
92,1991-11-23,female,25,KO,769,48
93,2013-01-30,female,26,US,134,0
94,1972-02-21,female,42,JP,598,31
95,2009-01-29,male,21,US,393,99
96,2015-08-21,female,20,KO,919,26
97,2004-01-20,male,21,JP,831,80
98,2015-08-06,female,28,KO,232,76
99,2011-12-16,female,55,JP,812,85
100,2019-12-29,male,45,KO,881,46
101,1976-07-23,male,20,KO,882,1
102,1990-05-17,male,42,KO,659,1
103,1977-07-06,male,51,JP,839,23
104,2020-02-19,female,31,US,486,12
105,1977-04-23,female,23,US,793,58
106,2010-12-01,male,36,KO,377,65
107,2009-02-14,male,40,KO,730,86
108,2011-05-06,male,41,JP,988,99
109,2007-07-17,male,19,US,940,11
110,1973-01-07,male,48,US,325,23
111,2015-03-02,female,46,US,569,83
112,1978-10-04,male,23,KO,102,89
113,1987-03-15,male,48,US,970,16
114,2005-10-18,male,19,US,492,99
115,2010-09-17,female,39,US,677,10
116,1999-03-22,female,50,US,546,74
117,1993-12-20,male,22,JP,802,76
118,1983-04-10,female,22,JP,128,34
119,1997-06-09,male,18,JP,388,0
120,1986-09-23,female,38,JP,533,70
121,2018-01-28,male,40,KO,685,8
122,2013-12-05,female,44,US,195,8
123,1999-01-25,male,51,JP,631,30
124,1972-08-09,female,56,JP,702,65
125,1986-01-29,male,20,KO,260,55
126,1975-11-19,female,52,US,472,17
127,1996-06-01,female,45,JP,898,97
128,1986-01-01,male,58,US,158,24
129,2017-08-24,male,52,JP,816,41
130,2004-01-16,female,32,KO,739,20
131,1988-11-30,female,28,JP,59,28
132,2009-04-12,female,52,KO,949,42
133,2017-08-11,male,42,KO,52,15
134,1997-11-08,female,59,KO,26,57
135,1979-03-05,female,42,KO,726,10
136,2012-10-14,female,32,JP,830,56
137,1979-12-23,female,27,US,735,63
138,1996-05-21,male,30,JP,643,84
139,2014-08-08,female,20,KO,532,29
140,1970-10-22,male,27,JP,775,32
141,1993-08-07,female,32,JP,790,77
142,2010-08-15,male,45,US,317,82
143,2004-02-28,female,39,JP,245,22
144,2007-01-18,male,37,KO,773,28
145,1987-02-17,male,55,US,193,59
146,1980-12-29,male,46,JP,781,38
147,1972-06-07,male,50,JP,928,40
148,1982-12-26,female,57,US,461,89
149,1980-12-28,male,42,JP,506,74
150,2001-02-16,male,24,KO,718,33
151,1982-11-17,male,26,KO,145,61
152,1976-11-25,female,49,KO,619,6
153,2019-01-20,female,41,US,536,53
154,2005-02-11,female,26,US,6,26
155,2007-04-19,female,24,US,13,94
156,1971-08-15,female,36,JP,789,92
157,2013-10-20,male,28,JP,296,47
158,1976-01-13,female,47,JP,712,4
159,2003-07-28,female,20,US,772,93
160,1985-11-11,female,34,KO,92,67
161,1970-02-11,female,33,US,83,98
162,2007-11-06,female,56,US,346,27
163,2014-06-05,female,51,JP,712,33
164,1993-09-27,female,58,JP,487,30
165,1979-07-05,female,28,JP,227,88
166,2006-04-09,male,39,KO,890,78
167,2018-12-26,female,47,KO,143,7
168,2013-03-11,female,34,JP,474,94
169,2003-03-04,female,26,KO,261,63
170,1986-05-29,female,48,JP,708,85
171,1998-08-07,female,57,JP,142,58
172,2010-10-02,female,35,US,165,79
173,1977-07-06,female,44,KO,594,10
174,1991-07-07,male,30,US,169,85
175,2012-11-17,male,40,JP,431,65
176,2017-07-17,female,50,US,396,2
177,1995-09-19,male,23,JP,276,67
178,1995-03-28,female,21,JP,912,18
179,1992-04-04,female,19,JP,95,14
180,1977-08-26,female,52,JP,513,69
181,2005-12-29,male,53,KO,886,67
182,1984-01-14,female,54,KO,310,34
183,1996-04-22,male,48,JP,376,21
184,1977-01-30,female,45,US,344,46
185,1976-06-19,male,57,JP,501,89
186,2002-10-26,male,40,JP,700,8
187,1973-08-05,male,49,KO,547,68
188,2007-08-17,male,37,US,119,8
189,1979-03-24,male,36,KO,204,10
190,1970-06-11,female,41,US,693,69
191,2019-10-27,female,31,US,459,89
192,1996-08-26,male,33,US,112,33
193,1970-09-29,female,54,KO,343,6
194,2001-08-30,female,49,US,682,4
195,1998-03-05,male,57,US,595,63
196,1986-05-25,female,46,JP,150,25
197,2003-12-15,male,46,US,614,85
198,1986-02-26,male,44,US,711,0
199,1970-03-10,female,28,KO,172,53
200,2013-02-11,male,44,US,819,62
201,1986-12-02,male,23,US,549,11
202,1997-01-22,female,56,US,642,87
203,2004-02-26,female,48,JP,538,4
204,2012-08-31,male,18,JP,961,92
205,2014-11-20,male,42,JP,557,21
206,2004-02-19,male,33,KO,323,71
207,1981-04-11,female,41,JP,867,49
208,1989-11-15,female,46,US,34,59
209,1982-09-24,male,51,US,877,5
210,1975-01-25,male,27,JP,342,58
211,2005-10-29,female,35,KO,151,98
212,2016-10-30,female,21,US,120,45
213,1988-05-19,female,22,US,714,85
214,1983-01-25,male,56,JP,530,10
215,1996-11-21,male,48,US,889,73
216,1985-04-21,male,20,KO,380,55
217,2016-12-19,male,36,US,522,49
218,1978-12-28,female,51,KO,108,90
219,1990-07-06,male,42,JP,531,62
220,1979-07-23,female,30,US,721,55
221,2014-09-15,female,58,KO,318,35
222,2005-10-30,female,23,JP,677,43
223,1998-06-30,male,35,US,35,27
224,1994-11-22,female,33,KO,327,85
225,1987-01-26,female,22,US,797,54
226,2019-06-07,male,45,US,903,43
227,2003-08-24,female,46,JP,686,7
228,2012-07-05,female,27,KO,202,67
229,2008-11-06,male,47,JP,955,45
230,1975-02-13,male,57,KO,350,4
231,1998-02-08,male,50,JP,134,43
232,1970-06-06,male,21,JP,870,68
233,1994-08-12,female,40,KO,50,78
234,1980-08-12,female,33,JP,361,62
235,1972-08-17,female,36,US,264,70
236,1995-04-30,male,28,JP,185,17
237,2006-10-07,male,24,US,94,62
238,2010-07-03,male,33,US,99,5
239,1987-04-13,female,29,US,810,2
240,1995-09-08,female,18,US,547,3
241,1992-03-08,male,33,KO,980,77
242,1970-03-11,male,58,US,320,86
243,1975-09-10,male,40,KO,37,24
244,1973-04-27,male,49,JP,619,72
245,2003-05-07,female,23,KO,220,5
246,2009-09-17,female,45,JP,592,54
247,1991-09-03,male,53,JP,678,75
248,2008-07-02,male,31,US,937,75
249,1985-04-02,female,34,JP,165,37
250,2000-01-10,female,39,KO,484,68
251,1980-06-23,female,24,KO,240,53
252,1990-02-21,male,42,KO,457,33
253,1972-12-09,male,24,JP,668,44
254,1970-03-15,male,36,US,682,73
255,2002-08-04,female,28,JP,686,2
256,1970-06-16,female,24,US,454,64
257,1997-11-25,female,54,KO,113,29
258,1971-09-25,female,50,KO,975,67
259,1978-01-14,male,48,KO,190,27
260,2013-09-06,female,50,KO,617,88
261,2016-06-24,male,42,KO,919,51
262,1975-04-02,male,26,KO,919,50
263,1984-10-03,male,30,US,875,65
264,1995-12-14,female,49,KO,125,39
265,1984-02-03,female,57,JP,860,31
266,2011-06-02,male,22,KO,744,17
267,2010-03-12,male,29,KO,435,30
268,1995-08-13,male,48,JP,944,0
269,1975-07-03,male,53,KO,574,22
270,1986-05-14,female,56,US,101,68
271,1971-08-02,female,35,JP,937,19
272,2005-05-05,male,53,KO,158,95
273,2010-02-05,male,19,KO,639,70
274,1974-07-08,male,23,KO,752,10
275,2020-03-05,male,56,US,127,59
276,1992-04-09,male,32,US,109,8
277,2000-08-20,male,32,JP,77,93
278,2017-06-01,female,26,JP,598,55
279,1998-03-09,female,22,US,909,19
280,2015-12-05,male,54,JP,218,99
281,2007-10-27,female,53,KO,366,52
282,2013-12-31,male,38,KO,793,89
283,1996-11-26,female,41,KO,704,47
284,1998-12-13,female,43,JP,622,90
285,1991-02-22,female,36,US,915,67
286,2000-02-02,male,23,US,254,59
287,2002-06-04,male,23,KO,519,31
288,1977-05-21,male,49,KO,884,94
289,1980-04-02,male,26,KO,922,44
290,2018-03-25,female,39,US,216,16
291,2000-06-20,male,51,KO,902,5
292,2019-06-26,female,48,JP,466,72
293,1980-08-05,male,18,KO,21,68
294,2004-12-14,male,42,JP,111,44
295,2017-05-02,male,45,JP,486,59
296,2005-03-12,male,36,KO,269,25
297,1991-07-20,male,50,US,442,13
298,1991-05-28,male,38,JP,616,99
299,2004-09-17,female,28,KO,931,45
300,1977-08-05,male,58,KO,676,25
301,1994-09-02,male,22,US,111,4
302,1979-09-21,male,23,US,698,57
303,1979-01-13,female,26,JP,602,33
304,1996-09-11,male,55,US,538,90
305,2013-12-17,female,38,JP,441,22
306,1990-07-25,female,49,KO,311,90
307,1978-06-15,male,39,JP,838,15
308,1994-08-11,male,59,JP,858,56
309,2000-04-12,male,30,KO,347,95
310,2013-12-04,male,28,KO,645,40
311,2000-11-08,female,42,US,37,72
312,1992-04-24,male,27,KO,163,74
313,1999-10-14,male,21,JP,624,70
314,2008-05-30,female,49,KO,266,96
315,1989-10-11,male,34,KO,144,64
316,1995-04-28,female,33,JP,417,17
317,2016-10-07,female,20,KO,357,93
318,1970-09-26,male,49,KO,241,42
319,1983-02-04,female,38,US,295,12
320,2002-11-20,female,31,US,157,58
321,1997-05-05,male,33,JP,429,45
322,1989-10-12,female,33,JP,540,52
323,1983-11-16,male,24,JP,365,11
324,1998-11-27,female,55,JP,15,59
325,1994-01-11,male,47,KO,840,94
326,1998-10-30,male,25,US,816,3
327,1975-05-29,female,47,JP,844,50
328,1998-08-31,female,49,JP,676,87
329,2016-10-31,female,45,US,918,13
330,2004-10-24,male,29,US,438,24
331,1983-11-07,male,18,JP,755,55
332,1975-09-24,female,26,US,442,11
333,1989-10-10,female,50,JP,453,22
334,1988-12-22,female,49,JP,164,99
335,2020-04-23,male,53,JP,508,21
336,1981-10-18,male,52,US,840,91
337,1993-02-09,male,54,US,423,94
338,1972-07-17,male,24,US,716,67
339,2006-10-12,male,36,KO,981,42
340,2020-04-09,male,29,KO,835,96
341,1991-09-24,female,32,JP,345,26
342,2012-04-17,female,30,JP,933,30
343,2010-04-01,female,24,US,826,20
344,1981-08-29,female,26,KO,215,99
345,2020-09-14,male,47,JP,492,43
346,2020-01-01,female,24,US,681,2
347,1985-03-04,female,47,US,384,87
348,1977-12-21,female,24,JP,577,54
349,2016-07-20,male,47,KO,88,20
350,2008-07-19,male,31,JP,74,84
351,2005-04-17,female,55,KO,723,98
352,2017-02-20,female,24,US,264,95
353,1986-07-20,male,24,JP,13,69
354,1991-01-15,male,56,US,579,35
355,2013-12-23,male,32,US,711,1
356,2000-08-21,female,18,JP,862,7
357,1989-08-08,male,18,JP,925,71
358,1982-06-23,female,23,US,585,96
359,1998-04-20,female,25,JP,88,51
360,1984-08-08,male,26,KO,460,77
361,2017-05-20,female,34,KO,629,53
362,1988-08-07,male,43,KO,146,45
363,1996-01-03,male,46,KO,94,3
364,2012-11-07,male,31,US,306,73
365,1975-12-11,male,33,JP,595,44
366,1970-04-30,female,23,KO,333,22
367,2017-11-05,female,35,KO,259,87
368,1970-04-18,female,31,KO,330,30
369,2018-10-09,male,22,KO,376,61
370,1985-11-12,male,37,KO,923,38
371,1985-06-10,female,26,US,107,15
372,1985-07-05,male,53,JP,925,77
373,2000-09-18,male,42,KO,969,93
374,1993-09-02,male,47,US,354,94
375,2019-10-07,male,44,US,664,73
376,1986-09-05,female,43,US,451,3
377,2009-10-02,male,50,KO,248,69
378,1977-03-22,male,43,JP,724,44
379,2009-07-07,male,31,US,774,32
380,1979-10-31,male,32,KO,233,86
381,2013-01-01,male,23,US,941,50
382,1995-04-19,female,26,KO,68,62
383,1999-12-08,male,47,KO,500,45
384,1970-04-22,female,55,JP,810,2
385,1991-10-25,female,41,US,425,85
386,2014-03-03,male,19,US,730,32
387,1984-08-08,female,20,US,349,83
388,1991-10-13,female,45,US,947,69
389,1976-01-12,female,53,JP,155,56
390,2009-05-02,female,24,US,366,64
391,1997-10-04,male,30,KO,696,67
392,1979-04-18,male,46,KO,325,45
393,2019-06-07,male,34,US,619,2
394,1985-02-01,male,51,US,327,26
395,2012-11-30,male,39,JP,389,0
396,1981-08-09,male,29,JP,796,58
397,1981-08-05,female,18,JP,778,29
398,1981-06-07,male,50,JP,140,81
399,2016-01-04,male,20,JP,150,26
400,1994-04-25,male,51,US,342,68
401,2016-12-03,male,38,JP,889,26
402,2002-07-14,male,22,KO,701,2
403,1995-08-21,female,20,KO,840,17
404,1973-09-16,female,32,JP,761,83
405,1978-04-17,male,54,JP,19,93
406,2005-06-12,female,19,US,818,58
407,1988-03-15,male,44,JP,857,61
408,2014-09-06,male,28,KO,70,92
409,1998-02-06,male,40,JP,960,58
410,1988-02-17,female,47,JP,546,56
411,1985-02-16,male,59,JP,560,14
412,1985-06-15,female,44,JP,581,5
413,2005-11-22,male,38,KO,142,42
414,1990-05-29,female,33,JP,899,59
415,2020-03-31,female,53,KO,585,90
416,1985-06-11,male,39,US,904,64
417,1999-04-15,male,41,US,467,17
418,1973-04-17,male,38,US,283,62
419,1985-01-11,female,42,US,21,61
420,2012-10-05,female,44,US,201,87
421,2015-08-25,female,26,JP,671,4
422,2002-12-31,male,51,KO,534,65
423,1991-02-12,female,21,KO,9,70
424,1994-06-25,male,29,JP,680,60
425,1996-12-02,male,28,KO,311,10
426,2019-12-19,male,40,US,323,96
427,2000-07-13,female,26,KO,647,37
428,1986-12-28,female,56,US,974,92
429,1982-05-23,male,48,US,585,38
430,1983-01-16,female,54,JP,638,41
431,2000-10-14,female,20,US,610,79
432,2008-10-15,male,59,JP,849,30
433,2008-12-27,male,58,US,162,84
434,1977-08-04,male,35,KO,607,11
435,2015-02-23,female,47,US,490,41
436,2005-03-15,male,18,US,101,98
437,2002-03-17,female,55,US,540,25
438,2020-04-29,female,55,JP,72,3
439,1970-07-29,female,25,JP,96,22
440,1982-01-24,female,48,JP,709,48
441,2013-02-16,male,49,KO,226,56
442,1998-08-18,male,28,JP,232,78
443,2016-01-27,male,24,KO,760,12
444,2014-07-07,male,47,JP,533,74
445,1976-01-14,male,51,KO,77,16
446,1972-07-18,female,58,US,595,92
447,2003-02-25,female,31,US,346,20
448,1988-10-22,male,57,JP,901,60
449,1971-01-23,female,35,US,748,81
450,2020-01-08,female,47,KO,440,67
451,1988-11-10,female,49,KO,638,95
452,1970-12-10,female,33,JP,20,19
453,2001-01-19,male,56,JP,753,68
454,1999-01-09,male,31,JP,721,0
455,2003-05-04,male,22,JP,955,89
456,1996-07-30,female,34,KO,439,53
457,1999-02-22,male,36,JP,445,74
458,2005-07-02,female,39,US,707,13
459,1977-11-01,female,34,KO,614,64
460,2015-10-23,female,33,KO,966,6
461,1977-09-28,female,31,KO,503,90
462,1997-05-08,female,55,KO,446,94
463,2007-05-20,male,57,US,78,62
464,1972-04-02,male,48,US,633,58
465,1974-08-10,female,55,KO,739,61
466,1993-11-19,female,30,KO,424,42
467,1997-04-19,female,18,KO,165,9
468,2009-12-07,female,41,KO,706,20
469,1980-12-16,female,22,US,813,50
470,2002-11-27,male,49,JP,178,59
471,2014-01-21,female,21,JP,137,84
472,2019-06-12,female,50,US,347,59
473,1996-01-10,male,46,KO,970,87
474,2001-04-17,female,32,JP,813,56
475,2001-10-08,female,20,KO,593,33
476,2012-09-07,male,26,KO,371,51
477,1978-05-22,male,42,KO,375,43
478,2004-10-14,female,23,US,863,71
479,2006-02-12,male,40,KO,53,20
480,1997-10-13,female,21,KO,545,73
481,2012-07-14,female,59,US,621,70
482,2020-05-15,male,35,KO,130,33
483,1996-09-19,female,48,JP,605,40
484,1973-08-22,female,24,KO,539,37
485,1984-08-25,female,43,JP,343,79
486,1970-01-20,male,26,US,132,84
487,1985-07-06,female,49,KO,705,64
488,2014-12-19,female,50,JP,140,38
489,2006-11-29,male,58,KO,250,17
490,1992-11-16,male,43,JP,667,59
491,1985-09-16,female,54,KO,831,24
492,1995-04-10,female,23,KO,230,41
493,1981-03-23,female,45,JP,860,3
494,2017-02-23,female,59,JP,686,77
495,1984-06-03,female,39,JP,565,39
496,2017-08-28,female,33,US,499,15
497,2002-09-12,male,21,JP,759,26
498,1987-09-11,male,22,KO,681,15
499,1988-06-12,male,59,KO,123,31
500,1989-02-13,male,26,US,900,31
501,2019-01-23,female,49,US,652,93
502,1987-03-10,male,31,JP,267,61
503,2014-03-11,male,27,KO,363,58
504,1988-07-24,female,55,JP,582,31
505,1991-08-01,female,32,KO,753,92
506,1973-12-02,male,38,US,934,12
507,1998-01-21,female,51,KO,183,13
508,2012-02-14,male,20,US,96,36
509,1994-11-26,male,23,JP,620,81
510,1995-09-21,female,35,KO,577,34
511,1996-04-18,male,58,US,27,21
512,1973-09-28,male,58,KO,38,7
513,2001-01-02,female,30,US,266,74
514,2015-12-19,male,53,JP,626,12
515,1981-07-29,male,21,JP,524,2
516,2007-12-15,female,24,US,318,13
517,2017-06-28,female,37,JP,546,48
518,2020-01-30,female,38,US,32,86
519,1972-09-22,male,54,US,360,25
520,1979-12-22,male,20,JP,94,99
521,1985-12-23,male,54,JP,20,98
522,2005-01-13,female,27,US,998,96
523,1978-04-04,female,29,JP,718,1
524,1979-11-25,male,59,US,850,64
525,1989-07-10,female,25,KO,247,42
526,1988-02-14,female,35,JP,180,16
527,1973-09-24,female,47,JP,262,30
528,1981-07-04,female,30,US,448,87
529,1998-08-31,male,32,KO,946,45
530,1989-07-16,male,27,KO,839,96
531,1976-12-06,male,47,US,477,79
532,1991-09-19,female,51,KO,280,60
533,2010-11-25,male,40,KO,60,4
534,1979-04-17,male,25,KO,515,96
535,1990-04-10,male,52,US,265,20
536,2011-07-02,male,33,KO,943,27
537,2011-04-19,female,32,JP,917,25
538,2019-05-14,male,58,JP,301,78
539,1993-05-13,female,49,US,611,97
540,1984-12-25,female,53,JP,789,36
541,2001-02-14,male,33,JP,305,41
542,1974-01-13,male,35,JP,803,43
543,2003-08-21,male,24,KO,241,74
544,1973-09-28,female,30,JP,50,25
545,1977-06-23,male,57,JP,873,2
546,1983-01-11,male,19,KO,716,77
547,1995-04-22,male,23,KO,494,9
548,1992-01-08,female,44,JP,953,39
549,1997-09-05,male,45,KO,845,37
550,1979-07-30,male,34,JP,748,21
551,1970-09-18,male,28,JP,930,96
552,2018-09-18,female,26,KO,895,4
553,1988-06-28,female,19,US,996,61
554,1997-05-28,female,21,US,34,18
555,2004-02-13,female,21,US,122,94
556,2016-04-03,male,22,KO,106,85
557,1986-11-24,female,49,US,339,15
558,2016-01-04,male,56,KO,202,15
559,2018-04-14,female,58,US,570,24
560,1998-10-18,female,18,JP,946,24
561,2018-07-25,male,25,KO,148,57
562,1980-02-17,male,31,US,225,55
563,1979-05-27,female,34,KO,189,76
564,1982-03-03,female,18,US,108,3
565,1994-01-27,male,28,US,488,4
566,1974-07-08,female,51,JP,112,27
567,2001-02-01,male,49,US,821,93
568,2001-05-05,female,31,KO,399,16
569,2013-08-08,female,34,JP,643,59
570,1999-06-05,female,36,JP,531,35
571,1983-01-11,male,33,KO,414,1
572,2004-11-12,male,56,KO,867,16
573,1986-07-11,female,34,US,93,33
574,2009-02-08,female,32,JP,930,85
575,2002-06-16,male,52,US,176,96
576,1992-03-31,female,33,JP,950,11
577,1980-12-06,male,19,KO,635,3
578,2017-12-05,male,38,KO,504,53
579,1972-11-17,male,40,JP,561,31
580,2000-11-14,female,29,KO,499,29
581,1995-06-22,female,45,KO,151,91
582,1993-09-08,male,51,US,905,75
583,2008-10-01,male,48,KO,885,72
584,2016-11-16,female,56,KO,152,8
585,2019-05-08,female,59,JP,572,44
586,2020-09-03,female,51,KO,841,52
587,1975-10-15,female,54,US,181,25
588,2018-05-01,female,27,KO,70,76
589,2005-03-04,female,28,JP,22,57
590,2017-12-04,female,58,KO,490,51
591,1985-08-25,male,56,JP,549,65
592,1995-12-09,female,35,KO,657,98
593,1990-11-07,male,58,KO,521,33
594,1987-01-23,male,31,JP,181,38
595,2012-09-13,female,55,KO,135,58
596,1976-10-27,male,35,JP,620,45
597,2007-06-17,female,51,JP,923,14
598,1999-02-03,female,49,KO,598,64
599,1992-11-17,male,31,US,106,1
600,2005-01-09,female,23,KO,792,96
601,1990-10-11,female,19,US,650,45
602,2000-10-06,female,32,US,418,89
603,2000-12-07,female,55,US,598,29
604,1982-02-06,female,23,KO,328,71
605,2003-02-25,male,27,KO,207,13
606,2002-04-18,female,55,JP,136,72
607,1988-11-29,female,30,KO,261,5
608,1974-10-23,male,45,KO,472,73
609,2001-03-07,male,59,JP,700,37
610,1972-08-17,female,46,KO,320,57
611,1997-12-28,female,30,JP,952,91
612,1995-03-03,female,36,JP,932,73
613,1983-03-04,male,57,KO,186,21
614,1980-03-20,male,39,US,788,20
615,2015-05-14,male,44,US,800,44
616,1994-01-04,male,22,JP,975,22
617,1975-03-31,male,18,KO,532,93
618,1982-02-17,female,36,US,281,79
619,1999-10-06,male,36,KO,385,74
620,2004-03-19,male,53,JP,8,98
621,1988-08-09,male,36,US,149,59
622,1976-04-28,male,26,JP,899,24
623,1977-01-15,male,28,JP,769,10
624,1972-02-24,male,46,JP,892,57
625,1989-05-12,male,31,KO,162,31
626,1996-06-26,male,34,JP,864,54
627,1993-04-06,female,48,US,73,92
628,1975-10-17,male,57,US,456,61
629,2002-03-04,male,42,JP,844,29
630,1974-11-26,female,36,KO,250,56
631,1986-02-15,male,33,US,144,28
632,1973-06-22,female,20,KO,117,85
633,1974-02-28,female,35,KO,129,5
634,2011-07-16,female,28,US,392,97
635,1978-07-27,male,25,US,314,83
636,1975-04-07,female,18,US,19,22
637,2011-02-07,female,29,US,357,21
638,2000-07-26,female,55,JP,178,97
639,1982-06-04,male,38,JP,278,25
640,1979-08-27,female,23,KO,653,35
641,1984-01-09,female,40,KO,383,54
642,1984-11-23,male,41,KO,667,21
643,1987-07-21,female,47,US,591,95
644,1977-07-25,female,26,KO,395,65
645,2016-12-27,male,26,US,915,72
646,1985-04-05,female,28,US,105,12
647,2017-03-11,female,44,US,101,34
648,1995-09-28,female,30,JP,82,36
649,1980-12-26,female,44,JP,841,40
650,1978-02-03,female,42,KO,833,93
651,1996-11-02,female,51,US,915,57
652,2004-03-04,female,28,KO,337,64
653,2004-07-27,male,24,US,191,33
654,2015-09-27,male,49,KO,162,68
655,1976-10-04,female,37,US,676,36
656,1973-06-16,male,58,KO,403,46
657,2016-09-01,male,21,JP,361,98
658,1989-05-10,male,51,JP,850,63
659,2005-10-23,female,40,JP,251,65
660,1988-12-20,female,28,JP,409,58
661,2011-01-24,male,22,KO,74,61
662,1972-12-26,male,27,JP,220,86
663,1978-09-30,male,29,JP,317,77
664,1992-05-09,female,50,US,938,0
665,2015-06-04,male,31,US,259,75
666,1992-05-05,female,48,KO,171,35
667,2019-12-25,female,23,KO,982,32
668,1992-01-18,female,30,US,191,47
669,2000-11-18,female,43,JP,364,8
670,1994-10-22,male,47,KO,897,10
671,1978-01-15,male,46,US,304,22
672,2017-09-23,female,40,US,145,49
673,1970-12-22,male,30,JP,329,95
674,1985-04-09,female,53,JP,660,64
675,1985-09-04,male,27,US,421,99
676,2012-06-11,male,57,KO,350,24
677,2017-08-16,female,31,KO,759,25
678,2002-01-15,male,55,US,92,70
679,2000-06-17,male,19,JP,270,15
680,2015-05-14,male,29,KO,614,36
681,2004-09-23,female,37,US,247,89
682,1982-12-01,male,19,KO,562,87
683,1982-03-29,female,47,US,544,63
684,1994-06-26,female,56,KO,143,26
685,2010-02-15,male,40,JP,441,31
686,2012-05-18,male,39,KO,546,94
687,2010-12-05,male,33,US,468,65
688,2011-08-03,male,27,KO,637,58
689,2002-04-19,female,45,JP,289,95
690,2018-09-05,female,30,KO,77,81
691,2004-09-21,male,37,KO,341,53
692,2020-07-25,female,40,KO,311,66
693,1978-03-17,male,56,JP,391,88
694,2001-10-25,male,46,JP,129,61
695,1972-04-20,male,29,KO,675,58
696,1972-11-30,male,47,KO,340,24
697,1999-10-14,female,27,JP,447,44
698,2013-08-16,female,53,KO,220,36
699,1983-05-10,female,34,KO,666,51
700,1984-10-30,male,35,US,781,58
701,1989-09-29,female,48,JP,710,47
702,1978-06-24,female,18,KO,228,80
703,1996-07-04,female,47,US,265,6
704,2009-06-12,male,46,JP,793,34
705,1992-07-25,female,43,JP,305,91
706,1974-08-12,female,19,KO,473,13
707,2005-10-13,female,54,JP,543,26
708,1978-04-04,male,38,KO,63,23
709,1984-01-25,male,56,JP,674,88
710,1993-02-27,male,41,JP,628,62
711,1985-10-06,male,36,KO,665,11
712,2013-10-20,male,56,KO,794,15
713,2003-05-13,male,37,JP,241,79
714,1975-11-24,female,18,KO,239,6
715,2004-03-31,male,36,US,930,54
716,1981-03-18,male,33,JP,491,69
717,1985-12-13,male,52,US,341,49
718,2019-10-02,female,44,US,270,67
719,1982-01-23,female,41,KO,786,87
720,2001-08-22,female,33,US,486,95
721,1975-05-04,male,29,US,285,44
722,1979-02-25,male,41,KO,350,58
723,1971-12-18,male,41,JP,426,78
724,1980-05-12,male,24,US,607,20
725,1997-06-26,male,33,JP,247,63
726,2009-11-10,female,31,JP,330,23
727,1984-07-29,female,34,US,622,43
728,2017-03-03,female,40,KO,976,49
729,1993-04-13,male,42,JP,794,27
730,2010-12-16,male,34,US,270,5
731,1993-11-26,female,41,KO,818,4
732,1994-09-17,male,49,KO,325,38
733,1978-02-11,female,59,KO,915,86
734,2018-12-15,male,22,US,643,94
735,2019-10-15,male,38,KO,830,52
736,1978-08-04,female,57,JP,107,31
737,1990-08-29,female,40,JP,114,75
738,1992-04-25,male,40,JP,158,2
739,2019-08-15,female,50,US,215,32
740,2008-11-11,female,54,JP,925,93
741,2009-09-13,male,28,KO,938,87
742,1975-09-02,female,42,JP,936,49
743,1995-03-14,female,38,JP,902,9
744,2017-02-14,male,49,US,398,65
745,2008-11-25,female,47,KO,889,42
746,1979-04-22,male,54,US,937,89
747,1994-03-21,female,38,KO,345,72
748,2013-01-14,female,43,JP,360,4
749,2018-01-20,female,48,US,254,65
750,2002-04-12,female,39,KO,21,3
751,1981-11-05,male,47,US,681,50
752,2017-06-18,male,32,JP,778,33
753,2000-09-29,female,28,JP,458,74
754,2012-12-26,male,40,KO,541,84
755,1982-11-08,male,36,JP,480,84
756,1994-12-22,male,24,US,692,53
757,1986-03-16,female,40,US,974,51
758,1978-01-17,male,28,US,73,6
759,2012-01-22,male,54,JP,13,97
760,1996-02-29,female,33,US,43,99
761,1980-04-13,female,33,US,553,52
762,2007-12-05,female,42,KO,749,31
763,1977-12-01,male,40,KO,505,33
764,1973-08-14,male,58,US,129,25
765,2009-08-07,male,46,US,430,75
766,2005-12-14,female,20,US,204,2
767,1983-05-11,male,36,KO,817,88
768,1984-06-18,male,33,JP,61,23
769,1979-12-19,male,50,JP,295,99
770,1996-11-17,female,21,US,934,90
771,2001-01-10,female,20,JP,261,31
772,1983-08-13,female,22,JP,694,29
773,1988-10-15,male,38,JP,203,79
774,2009-02-22,female,32,KO,931,37
775,1972-09-11,female,37,JP,967,90
776,1971-01-28,female,22,KO,856,17
777,1998-08-14,female,54,KO,420,5
778,2016-08-01,female,54,KO,31,46
779,2016-05-25,female,45,US,757,49
780,1986-04-17,male,34,JP,534,6
781,1976-11-25,female,36,JP,210,41
782,1995-06-11,female,28,JP,580,20
783,1987-05-25,female,58,KO,965,75
784,2010-06-25,male,18,KO,434,42
785,2020-05-18,female,29,KO,370,79
786,1990-05-03,male,39,KO,313,15
787,1975-01-03,female,26,JP,163,51
788,1998-09-08,female,44,KO,672,12
789,2015-01-08,female,26,KO,727,64
790,1970-02-08,male,48,JP,59,81
791,1978-03-18,female,35,JP,75,11
792,2001-03-06,male,38,US,831,32
793,1977-06-23,female,42,US,979,67
794,1982-01-15,male,42,KO,833,82
795,1975-11-24,male,45,US,119,14
796,2020-09-13,female,43,JP,224,79
797,1998-12-02,male,48,US,585,33
798,2006-08-18,male,25,KO,124,51
799,2011-05-30,female,50,US,677,48
800,1979-01-06,male,59,KO,898,7
801,1993-07-01,female,45,JP,388,0
802,2011-03-22,female,45,KO,93,11
803,1978-06-18,female,56,US,162,51
804,1976-01-29,female,30,JP,421,32
805,2007-10-28,male,36,KO,131,56
806,2020-09-12,male,27,KO,685,42
807,1991-11-02,male,30,KO,378,38
808,2014-02-28,male,36,KO,480,43
809,1970-01-03,female,50,JP,968,22
810,2017-01-21,male,55,KO,922,39
811,1999-11-10,male,18,KO,563,0
812,2007-05-11,male,32,US,20,95
813,2001-12-18,female,49,US,159,72
814,1976-11-04,male,35,JP,733,95
815,2020-02-11,female,51,KO,856,44
816,1976-09-25,male,37,KO,880,94
817,1974-08-07,female,21,KO,917,56
818,1982-01-05,female,46,KO,531,98
819,1991-01-13,female,38,JP,470,77
820,2011-05-07,male,52,KO,38,42
821,2012-03-26,female,51,US,310,43
822,1984-10-27,male,23,JP,945,48
823,1986-05-28,female,44,JP,80,59
824,1970-01-28,female,38,US,854,65
825,1998-12-29,male,19,US,299,68
826,2000-11-04,male,31,JP,74,29
827,2010-01-08,male,57,JP,241,37
828,1990-11-28,female,43,JP,336,63
829,1980-05-13,female,47,JP,75,90
830,2016-04-04,male,34,US,792,54
831,1982-11-16,female,49,KO,569,6
832,2004-07-26,male,35,JP,885,95
833,1974-01-02,female,39,US,586,19
834,1992-08-05,female,25,KO,766,34
835,2012-10-10,female,46,KO,425,13
836,1987-02-01,female,58,US,102,78
837,2003-02-03,female,30,JP,413,58
838,1981-02-01,male,57,US,562,91
839,2012-07-27,male,45,US,943,21
840,1982-05-03,male,44,US,30,83
841,1999-04-13,female,34,US,392,36
842,1992-07-09,female,43,JP,731,48
843,1979-04-12,male,44,KO,309,31
844,1976-07-31,female,44,US,235,36
845,2006-01-18,female,38,US,24,53
846,1998-12-20,female,55,JP,314,94
847,1991-05-08,male,50,KO,230,6
848,2000-12-09,female,59,KO,383,39
849,1982-02-08,female,33,JP,459,73
850,2020-03-02,female,43,KO,218,84
851,1971-01-17,male,35,JP,560,81
852,1991-09-09,male,26,JP,465,98
853,1977-11-05,female,35,JP,789,41
854,1974-01-24,female,21,KO,73,86
855,1987-02-13,male,46,US,699,11
856,2010-10-21,female,51,US,469,62
857,2005-02-18,female,28,KO,149,96
858,1978-05-16,male,44,KO,797,94
859,1992-01-12,male,50,KO,546,33
860,2014-05-10,female,35,KO,993,63
861,2015-05-12,male,41,KO,804,95
862,1992-04-17,male,24,JP,600,21
863,2006-11-29,male,45,US,736,3
864,1983-02-12,male,36,KO,57,57
865,1992-07-16,male,27,KO,974,98
866,1985-08-18,female,26,KO,405,98
867,1989-03-29,male,20,US,22,44
868,2006-05-25,female,49,KO,301,82
869,2013-03-18,female,57,KO,261,14
870,1987-11-29,female,56,JP,757,7
871,1976-03-04,male,41,US,99,18
872,2017-10-05,male,50,KO,311,7
873,1995-10-18,male,40,KO,890,9
874,1973-08-02,male,53,US,449,51
875,2017-12-16,female,55,KO,329,29
876,1997-03-28,male,27,JP,376,52
877,2012-12-30,female,39,KO,711,68
878,1993-11-03,female,28,US,222,62
879,2016-12-15,female,38,JP,655,57
880,1988-07-07,female,50,KO,757,55
881,1992-09-07,female,37,KO,278,52
882,2011-12-21,female,26,US,18,24
883,1970-12-16,male,31,KO,890,81
884,2008-05-25,female,31,KO,96,36
885,2018-11-05,female,59,US,886,28
886,2018-04-28,male,34,JP,197,69
887,2019-09-21,male,52,JP,820,80
888,1972-09-29,female,44,JP,97,46
889,2001-09-21,male,19,US,755,74
890,1977-04-25,female,56,US,973,56
891,2003-11-12,female,49,US,517,65
892,2014-08-26,male,21,KO,236,16
893,2000-06-01,male,20,US,78,27
894,1978-04-03,female,50,US,683,9
895,2017-09-01,female,25,KO,802,13
896,1984-12-23,female,32,JP,509,99
897,1995-07-04,male,20,KO,553,35
898,1996-06-06,female,38,US,908,77
899,1999-09-12,female,38,JP,945,68
900,1998-12-06,male,32,US,282,33
901,2000-10-13,female,34,KO,306,75
902,2011-12-12,male,45,US,993,43
903,2008-10-09,male,41,KO,952,38
904,1973-02-21,female,20,JP,172,87
905,2009-06-15,male,42,KO,167,69
906,1983-08-07,female,38,KO,703,40
907,2001-09-21,female,33,KO,143,35
908,1998-02-22,female,18,JP,961,76
909,1983-02-08,male,26,JP,354,19
910,1971-07-13,male,55,KO,142,46
911,1999-02-14,male,29,JP,573,62
912,1970-08-05,male,42,JP,629,11
913,2016-02-27,male,50,KO,744,69
914,1971-02-27,male,25,JP,551,2
915,1990-01-28,male,41,KO,101,2
916,1975-02-19,male,36,US,320,87
917,2003-12-19,male,28,US,564,18
918,1995-09-17,female,40,KO,471,58
919,1977-08-08,male,37,US,819,82
920,1998-11-05,male,44,KO,567,58
921,1980-11-26,female,53,JP,162,48
922,1997-05-24,female,24,US,601,18
923,2015-01-07,male,31,JP,936,4
924,1990-02-25,female,49,JP,907,73
925,1979-08-04,male,59,JP,101,19
926,2018-10-30,female,57,US,551,15
927,1988-10-26,male,33,JP,519,48
928,1988-09-20,male,26,JP,57,30
929,2016-04-20,male,57,JP,612,84
930,1980-04-10,male,52,US,814,41
931,2011-01-12,male,44,JP,424,42
932,1973-10-26,female,29,JP,977,90
933,2005-04-23,male,39,KO,121,85
934,1978-05-02,female,27,JP,509,81
935,1979-03-26,female,43,US,738,45
936,2006-12-26,female,30,KO,614,66
937,2019-11-04,female,52,KO,159,78
938,1975-03-09,male,55,US,159,91
939,2013-10-07,male,41,US,11,23
940,1976-04-13,female,29,JP,352,3
941,1990-08-17,male,51,KO,924,56
942,2005-04-02,male,34,KO,268,92
943,2000-02-13,male,27,JP,372,2
944,1974-07-22,male,55,JP,425,89
945,1980-12-08,male,54,JP,397,65
946,2014-01-07,male,35,US,336,32
947,1996-01-19,female,41,KO,952,42
948,2001-12-28,female,34,US,176,39
949,1973-08-21,female,26,KO,589,76
950,1994-03-30,male,53,JP,937,0
951,2019-11-21,female,42,KO,509,41
952,1993-01-10,female,33,KO,761,11
953,1984-07-01,female,27,KO,984,4
954,2018-12-11,male,56,KO,788,12
955,1972-07-29,male,38,KO,943,48
956,1994-12-18,female,45,KO,496,87
957,1971-03-24,male,38,JP,604,50
958,2012-01-22,male,23,US,676,96
959,2002-08-04,female,29,JP,892,12
960,2009-03-22,male,36,KO,582,38
961,1977-06-05,female,28,JP,673,5
962,1993-10-31,male,53,JP,641,60
963,1990-08-01,male,54,JP,754,35
964,1986-07-06,female,35,KO,25,12
965,2006-04-02,male,22,KO,858,25
966,2007-01-15,male,22,US,288,55
967,2019-12-19,female,26,US,94,14
968,1987-09-17,male,46,JP,632,45
969,2016-01-03,male,42,US,608,30
970,1981-03-24,male,55,KO,887,67
971,1977-04-23,male,51,KO,62,25
972,2019-11-27,female,25,JP,263,52
973,2013-12-14,male,33,US,675,12
974,1983-06-08,male,50,JP,222,55
975,1996-09-17,male,34,KO,604,58
976,2016-08-26,male,20,JP,654,50
977,1975-06-05,female,54,US,456,91
978,1991-09-20,male,21,US,517,0
979,1983-05-10,female,42,US,296,7
980,1983-01-23,male,49,KO,584,70
981,1995-01-21,male,42,KO,540,49
982,2014-11-07,female,28,US,997,58
983,2013-11-19,male,58,KO,84,32
984,2001-12-06,female,24,US,137,31
985,1986-10-23,female,20,KO,212,77
986,1997-01-27,female,52,US,645,67
987,2019-12-20,female,25,KO,900,85
988,1988-08-25,female,25,JP,249,23
989,2002-09-17,male,46,US,406,39
990,1977-05-25,female,38,US,801,98
991,1974-01-21,female,45,US,200,60
992,1975-12-01,male,40,US,940,19
993,2003-03-17,male,31,US,126,75
994,1974-04-21,female,27,JP,275,91
995,2000-07-17,female,50,JP,923,98
996,2019-10-09,female,57,US,666,98
997,2017-12-06,female,57,KO,462,7
998,1999-05-29,female,19,US,183,62
999,1989-03-27,female,44,US,816,72
1000,2019-12-08,female,24,US,808,48
1001,1976-09-27,male,33,KO,32,47
1002,2003-06-18,female,40,JP,771,53
1003,1971-01-04,female,58,KO,336,84
1004,2009-01-08,female,37,KO,762,11
1005,1996-09-12,female,37,KO,33,6
1006,2004-02-20,female,37,KO,4,66
1007,2002-10-20,male,57,JP,920,89
1008,1995-05-18,male,40,US,551,92
1009,1987-11-03,male,34,US,209,87
1010,2014-11-12,male,28,KO,739,36
1011,1987-02-07,female,55,KO,653,87
1012,1990-11-08,male,34,US,750,30
1013,2018-02-09,male,56,KO,622,52
1014,1986-04-22,male,43,KO,567,7
1015,2013-03-16,female,46,KO,511,83
1016,1979-07-17,male,45,US,809,75
1017,1977-01-03,male,28,KO,170,57
1018,2009-08-31,male,42,US,934,4
1019,2017-04-19,male,58,JP,521,31
1020,1985-07-30,male,19,US,620,19
1021,1987-09-24,male,32,KO,62,47
1022,1984-04-12,female,38,JP,443,68
1023,1990-03-27,female,48,US,601,9
1024,1991-12-16,male,18,JP,609,24
1025,1974-12-09,female,54,KO,667,71
1026,1973-07-29,male,23,JP,8,74
1027,2000-05-15,female,39,JP,787,95
1028,1987-08-28,male,32,JP,690,91
1029,1985-03-30,female,43,US,922,63
1030,2012-12-27,male,22,KO,833,14
1031,2007-01-20,female,50,KO,161,33
1032,2016-09-03,female,47,KO,886,57
1033,2006-12-31,male,27,JP,3,20
1034,1974-08-03,male,38,US,405,91
1035,1996-02-04,female,34,KO,422,70
1036,1978-04-03,male,29,JP,91,68
1037,1983-04-20,female,59,US,457,1
1038,1981-02-09,female,18,US,8,5
1039,1983-10-27,male,29,JP,462,70
1040,2006-02-21,female,23,KO,265,31
1041,1975-07-14,male,44,KO,652,84
1042,1975-09-04,male,50,US,677,28
1043,2001-12-27,female,31,US,669,87
1044,1984-05-26,female,42,US,281,40
1045,2007-03-12,male,55,JP,55,23
1046,1979-05-06,female,19,KO,101,61
1047,2001-06-04,male,55,JP,225,62
1048,2007-10-08,female,19,KO,388,60
1049,2010-09-20,male,28,JP,832,15
1050,2016-09-26,male,57,KO,114,28
1051,2000-08-17,female,20,US,67,39
1052,2004-04-07,female,38,JP,375,67
1053,1994-11-16,female,19,US,404,80
1054,2000-07-11,female,25,JP,62,30
1055,2006-04-02,female,22,JP,575,49
1056,1986-11-09,male,55,JP,120,84
1057,1980-07-18,female,19,KO,50,89
1058,1988-08-03,male,43,KO,677,27
1059,2004-07-26,female,37,KO,572,56
1060,2000-03-12,male,57,US,46,98
1061,1978-05-13,male,39,JP,900,9
1062,1998-12-25,male,33,US,609,44
1063,1999-12-20,male,19,JP,574,90
1064,1975-03-08,male,31,US,812,19
1065,2014-08-31,female,19,US,411,53
1066,1976-02-20,female,18,KO,128,11
1067,1972-08-23,male,56,US,996,41
1068,1996-11-25,male,29,JP,102,16
1069,2002-08-31,female,27,US,724,17
1070,1975-11-27,female,20,US,301,7
1071,1977-06-25,female,20,JP,322,28
1072,1984-11-05,female,50,KO,347,84
1073,1993-07-22,female,29,US,733,83
1074,2019-04-14,female,57,KO,529,27
1075,1995-12-02,male,44,JP,838,34
1076,1982-10-06,male,22,JP,689,97
1077,2003-05-19,female,25,KO,780,66
1078,2003-09-10,male,32,US,471,53
1079,1975-03-19,female,46,JP,257,19
1080,2016-03-20,male,22,JP,108,65
1081,1983-12-05,female,18,KO,757,49
1082,1988-01-03,female,26,JP,548,7
1083,1979-09-14,male,44,JP,605,48
1084,2000-06-12,male,23,KO,748,45
1085,1998-09-11,female,32,KO,682,83
1086,1976-08-12,male,36,JP,205,61
1087,2015-05-19,male,44,KO,690,35
1088,2000-10-27,male,42,US,2,55
1089,2001-09-20,male,18,US,850,71
1090,1996-08-20,male,57,US,410,64
1091,2011-04-17,female,41,KO,385,91
1092,1986-02-09,female,23,JP,297,33
1093,1976-01-18,male,41,US,926,66
1094,2005-07-17,female,49,US,271,42
1095,1996-01-19,female,21,KO,532,66
1096,1989-03-31,female,23,JP,459,58
1097,1997-04-29,female,37,US,803,84
1098,2013-10-06,female,55,KO,960,77
1099,1993-11-16,male,22,JP,470,53
1100,1982-04-11,female,34,KO,81,62
1101,1974-10-01,male,46,US,792,36
1102,2004-01-25,male,34,KO,672,51
1103,2002-08-21,male,35,US,539,65
1104,1997-11-02,female,32,KO,326,21
1105,2015-05-02,male,41,US,440,56
1106,1987-02-13,female,20,KO,710,57
1107,1991-06-03,male,24,KO,444,85
1108,1983-11-07,male,58,US,911,95
1109,1984-10-20,male,49,US,117,19
1110,1993-07-31,male,47,JP,83,27
1111,1979-03-20,female,48,JP,471,79
1112,1986-12-25,female,46,JP,349,41
1113,2007-04-16,male,26,US,777,55
1114,1999-01-13,male,32,KO,307,26
1115,2006-06-12,female,22,US,500,12
1116,2013-07-28,female,27,JP,635,1
1117,1982-07-26,female,18,US,416,68
1118,1997-05-25,female,38,KO,304,74
1119,1995-05-28,female,26,JP,760,59
1120,2001-10-22,female,43,US,263,38
1121,1985-12-14,male,44,US,372,15
1122,2017-09-24,female,29,JP,610,66
1123,1996-07-01,male,50,US,645,39
1124,2001-11-03,female,55,KO,220,26
1125,2001-03-10,male,42,KO,86,49
1126,2019-12-20,male,41,KO,323,6
1127,2010-05-11,male,24,KO,454,79
1128,1997-07-31,female,58,JP,964,68
1129,2013-02-18,male,18,JP,630,21
1130,2002-05-13,female,41,US,602,2
1131,1982-10-02,female,22,US,92,67
1132,2000-04-25,female,50,KO,585,25
1133,1992-09-07,female,34,US,691,38
1134,1978-05-29,female,30,US,465,54
1135,1986-03-01,male,33,US,638,17
1136,2017-04-17,male,21,US,759,28
1137,1980-05-04,female,53,KO,159,40
1138,1970-05-18,female,27,KO,304,62
1139,1994-03-04,female,38,KO,311,33
1140,1983-07-26,female,27,JP,323,92
1141,1975-06-20,male,28,KO,783,86
1142,1978-11-08,female,55,US,544,79
1143,2003-08-15,female,18,US,911,4
1144,2004-03-10,female,55,US,751,48
1145,1999-10-10,male,34,JP,523,5
1146,1999-12-10,male,54,US,97,47
1147,1975-04-26,female,48,KO,688,97
1148,2001-11-07,male,25,US,644,59
1149,1990-07-20,male,51,KO,281,50
1150,1984-06-26,male,50,US,491,79
1151,2009-06-09,female,32,JP,398,76
1152,2006-04-30,female,57,JP,234,10
1153,2007-08-08,male,43,KO,876,71
1154,1999-09-10,female,52,KO,618,35
1155,2004-04-09,male,48,JP,585,58
1156,1989-01-26,female,38,US,352,47
1157,2005-02-14,male,46,US,37,69
1158,2017-05-24,male,57,KO,962,45
1159,1992-01-16,male,39,JP,893,54
1160,2015-03-12,female,41,KO,518,87
1161,1976-05-18,female,47,US,249,80
1162,1992-10-07,male,58,US,624,31
1163,2005-02-09,male,38,KO,768,83
1164,1977-08-21,male,42,JP,604,56
1165,1985-05-29,male,42,KO,790,25
1166,2001-07-25,female,19,KO,471,40
1167,1976-09-14,male,29,US,594,85
1168,1986-11-24,female,31,JP,210,50
1169,2018-03-10,male,57,KO,116,16
1170,2004-09-11,male,38,US,984,99
1171,2017-12-20,male,29,US,453,94
1172,2011-07-23,female,27,KO,273,62
1173,1982-04-12,male,45,JP,660,69
1174,1976-08-05,female,23,KO,5,20
1175,1977-08-30,female,28,KO,274,54
1176,1972-05-24,female,59,US,98,74
1177,1972-10-18,male,56,KO,974,61
1178,2007-03-30,male,19,US,855,91
1179,2019-08-10,male,35,JP,222,66
1180,2006-02-19,female,41,US,292,35
1181,1993-06-11,female,46,KO,678,1
1182,1973-07-29,female,41,JP,846,45
1183,2017-12-11,female,44,US,633,54
1184,1975-03-07,male,20,KO,658,95
1185,2017-11-01,female,43,JP,973,75
1186,1985-02-13,female,45,KO,708,84
1187,1982-12-04,female,51,US,943,93
1188,1998-03-28,female,25,JP,706,80
1189,1990-12-21,male,49,KO,397,25
1190,2020-10-24,female,27,JP,230,6
1191,1977-06-02,male,50,US,177,4
1192,1981-08-09,male,25,JP,306,50
1193,1993-07-08,male,20,US,376,16
1194,2001-03-24,female,53,KO,591,84
1195,1995-11-23,male,50,KO,348,93
1196,2010-08-30,male,49,US,655,60
1197,1976-06-19,male,54,KO,196,57
1198,2005-09-08,female,34,US,830,67
1199,1977-11-07,female,31,KO,981,51
1200,1983-01-01,female,59,JP,579,12
1201,1991-02-07,male,20,US,176,92
1202,2014-06-14,female,18,KO,283,43
1203,2003-04-10,female,18,JP,275,19
1204,2015-02-18,female,48,JP,691,60
1205,1983-09-22,female,25,US,197,87
1206,2006-01-31,female,19,US,843,0
1207,2017-06-25,female,52,US,575,49
1208,1993-02-20,male,18,US,434,83
1209,2013-11-26,female,36,US,839,22
1210,1973-03-17,male,40,US,767,44
1211,2006-01-26,male,49,KO,257,43
1212,2016-12-10,male,22,JP,91,22
1213,2006-02-04,female,32,US,45,26
1214,1971-05-24,female,53,US,450,21
1215,2020-06-29,male,31,JP,850,93
1216,1976-07-03,male,51,JP,531,0
1217,1990-09-04,female,50,JP,761,38
1218,1996-10-26,female,27,JP,410,35
1219,1991-10-14,female,25,KO,578,76
1220,1982-02-11,male,21,KO,434,42
1221,1984-04-28,male,56,US,540,88
1222,2006-03-28,male,53,JP,60,58
1223,1987-08-03,male,19,US,891,50
1224,1995-01-14,male,45,US,390,70
1225,1976-08-09,female,56,US,496,47
1226,2013-02-06,male,30,KO,115,68
1227,1993-04-16,male,23,US,867,59
1228,1989-04-01,female,40,US,172,45
1229,1988-05-02,male,25,JP,215,51
1230,2007-08-30,female,40,JP,826,50
1231,1992-10-08,female,48,JP,625,60
1232,1981-04-12,female,43,US,735,34
1233,1977-10-15,female,40,KO,772,26
1234,1977-02-02,male,36,KO,467,10
1235,2018-11-01,female,29,JP,758,39
1236,2009-11-14,female,20,JP,723,63
1237,1977-03-07,female,20,JP,679,68
1238,1992-12-31,male,26,US,39,94
1239,2006-03-02,male,30,US,820,10
1240,1976-06-24,female,32,JP,829,9
1241,1972-08-29,male,58,US,290,62
1242,1978-06-06,male,54,KO,485,61
1243,1997-05-22,male,21,US,252,50
1244,1985-07-03,male,29,JP,269,90
1245,1990-02-07,male,54,US,520,90
1246,2002-07-30,male,35,JP,599,39
1247,2020-02-07,male,26,KO,897,32
1248,2016-02-19,male,32,KO,719,15
1249,2013-02-06,male,31,US,818,52
1250,2015-01-11,female,34,KO,743,18
1251,2014-01-27,female,40,KO,165,7
1252,1982-04-27,female,19,JP,179,6
1253,2008-08-23,female,55,US,976,80
1254,2011-12-31,male,20,JP,995,74
1255,1990-06-06,male,24,US,264,84
1256,2004-07-08,female,42,JP,757,32
1257,1978-08-29,male,20,KO,977,34
1258,2003-03-27,female,38,US,422,97
1259,1976-08-04,male,21,US,30,27
1260,1971-07-25,female,46,JP,941,23
1261,1977-06-08,male,43,KO,483,44
1262,1986-04-06,female,41,JP,200,87
1263,1984-01-29,male,23,US,314,53
1264,1993-10-14,female,25,JP,949,41
1265,2012-07-27,female,31,JP,96,4
1266,2010-05-23,male,21,KO,130,75
1267,2015-11-07,male,31,JP,611,41
1268,2015-07-29,male,22,US,495,67
1269,1998-06-26,female,48,KO,243,33
1270,1987-09-19,male,32,JP,469,97
1271,2017-09-08,female,26,KO,624,0
1272,2017-10-20,male,52,US,744,57
1273,1985-05-27,female,18,JP,537,81
1274,2017-03-07,male,40,US,783,25
1275,1972-06-17,male,41,KO,465,10
1276,1985-04-28,male,30,JP,760,77
1277,2013-07-24,female,33,US,999,82
1278,1970-02-23,male,28,JP,363,30
1279,1994-10-24,female,23,JP,246,43
1280,2002-01-03,female,23,JP,513,27
1281,2016-10-15,female,38,JP,464,24
1282,1986-12-14,male,38,KO,454,27
1283,2019-05-22,female,36,KO,544,87
1284,1993-12-18,male,36,US,607,59
1285,1997-07-07,female,39,JP,329,32
1286,2011-03-21,female,39,KO,504,51
1287,2014-04-02,male,26,JP,452,85
1288,1994-01-05,female,55,JP,789,77
1289,2016-05-03,male,58,KO,569,94
1290,2017-11-18,female,46,JP,926,39
1291,1983-12-27,male,34,JP,398,3
1292,1998-10-02,female,21,US,269,25
1293,1988-08-21,male,42,KO,651,42
1294,2007-11-22,male,30,US,870,31
1295,1984-08-07,female,28,JP,248,18
1296,2014-12-09,male,50,US,102,25
1297,1997-07-04,female,31,US,282,93
1298,1978-09-27,male,56,KO,215,2
1299,2020-04-30,male,51,JP,92,30
1300,1984-07-13,male,24,KO,102,57
1301,1980-06-10,female,58,KO,324,42
1302,2016-03-17,male,50,US,516,53
1303,1998-09-25,male,42,KO,83,30
1304,2018-06-10,male,43,KO,56,62
1305,1980-11-03,male,57,JP,656,86
1306,1979-12-11,male,31,US,221,13
1307,2005-01-03,male,49,KO,747,68
1308,1987-06-02,male,50,US,542,59
1309,1988-02-09,male,24,JP,70,22
1310,1979-07-11,female,48,US,798,58
1311,1978-06-13,male,42,JP,842,63
1312,1995-11-21,male,58,KO,939,20
1313,1991-01-23,female,30,US,156,6
1314,1988-10-17,male,46,KO,806,40
1315,1978-10-22,male,39,US,805,33
1316,1972-01-10,male,36,US,953,4
1317,2016-09-18,male,30,JP,693,11
1318,2020-09-20,female,25,JP,968,98
1319,1973-10-22,female,20,US,692,71
1320,1994-12-12,male,43,KO,398,95
1321,1995-01-21,female,46,KO,843,93
1322,2018-06-15,male,40,JP,414,82
1323,1985-07-23,male,30,US,518,82
1324,1994-09-19,male,21,KO,827,70
1325,2009-10-28,female,40,KO,6,32
1326,2005-07-13,male,23,US,826,70
1327,1984-07-14,female,57,US,169,56
1328,1984-11-25,male,37,JP,116,70
1329,2010-05-01,male,57,JP,572,23
1330,1975-11-26,male,47,JP,984,99
1331,2013-08-18,female,29,KO,669,74
1332,2018-12-02,female,20,KO,832,49
1333,1980-09-07,male,57,KO,821,10
1334,1990-08-22,female,58,JP,269,68
1335,2018-12-12,male,43,KO,496,90
1336,1972-11-03,female,19,KO,200,95
1337,1979-03-17,female,40,KO,702,39
1338,2015-11-06,female,49,US,270,53
1339,2009-07-10,female,31,KO,830,17
1340,2011-03-04,female,23,KO,294,29
1341,1986-12-09,female,58,JP,627,44
1342,1986-04-30,female,59,JP,917,63
1343,1984-03-15,female,19,KO,684,96
1344,1981-04-25,male,54,JP,32,34
1345,1995-06-24,female,54,KO,616,41
1346,1991-06-30,female,52,KO,685,23
1347,2005-11-28,female,30,US,480,67
1348,2009-12-25,male,45,JP,891,65
1349,2002-06-04,female,55,JP,656,52
1350,1998-10-03,male,49,US,271,23
1351,1987-07-15,female,50,KO,629,19
1352,2004-11-18,female,53,KO,501,25
1353,2008-02-17,female,26,US,940,20
1354,1976-05-02,female,40,JP,179,21
1355,1971-01-07,female,24,JP,374,73
1356,2000-01-31,female,41,KO,459,89
1357,2005-08-16,female,23,KO,348,99
1358,2008-02-21,male,42,US,286,83
1359,1971-05-10,male,25,US,509,58
1360,2016-03-19,male,37,JP,752,27
1361,1978-04-04,female,20,US,957,33
1362,1986-11-04,female,29,KO,355,40
1363,1971-05-24,male,24,US,856,20
1364,2017-03-17,female,25,KO,575,70
1365,2019-09-18,female,45,KO,383,78
1366,1984-03-14,female,45,KO,980,82
1367,1997-01-16,female,32,US,13,51
1368,1985-11-06,female,51,KO,712,5
1369,1999-08-26,male,26,JP,899,59
1370,1988-04-14,male,38,JP,269,99
1371,1978-06-29,female,54,KO,857,9
1372,2019-12-25,male,26,US,456,30
1373,1990-07-16,male,27,KO,158,36
1374,2002-06-05,female,28,US,837,19
1375,2016-07-24,male,45,US,10,18
1376,1976-05-14,female,31,KO,880,60
1377,1980-12-06,female,27,KO,950,76
1378,1993-12-23,male,56,US,68,69
1379,1988-08-28,male,31,US,707,50
1380,1981-02-06,female,37,JP,362,85
1381,2011-02-01,male,40,US,327,61
1382,1970-12-28,male,19,JP,473,5
1383,1985-04-22,male,24,KO,751,49
1384,1970-12-12,female,40,KO,574,58
1385,1992-09-22,male,37,US,219,13
1386,2002-09-30,female,34,KO,481,41
1387,1988-11-05,female,22,JP,154,11
1388,2004-04-28,male,24,KO,729,22
1389,2003-09-13,female,58,KO,971,86
1390,2019-10-16,female,55,KO,184,70
1391,2018-04-25,male,42,KO,9,87
1392,1982-10-06,male,50,JP,882,47
1393,2002-03-01,female,43,US,77,56
1394,2010-10-24,male,39,JP,770,84
1395,2001-03-12,female,59,KO,488,56
1396,1981-12-28,male,52,US,148,51
1397,2015-10-11,male,38,US,43,81
1398,1986-11-01,female,26,US,702,71
1399,1989-11-07,male,55,KO,274,53
1400,1992-03-17,male,48,KO,211,34
1401,2015-08-30,male,32,JP,459,32
1402,1989-08-31,female,51,US,872,29
1403,2015-10-20,male,59,JP,27,56
1404,2020-06-11,female,50,JP,239,81
1405,1999-07-31,female,51,JP,604,60
1406,1983-11-26,female,40,KO,752,43
1407,1975-01-21,female,36,KO,229,41
1408,1982-09-03,female,39,US,139,18
1409,2009-07-23,female,53,KO,839,47
1410,2016-09-14,female,57,JP,557,20
1411,1973-09-04,male,29,KO,782,49
1412,2012-02-19,male,58,US,940,37
1413,1978-02-25,male,42,US,497,4
1414,1981-08-24,male,25,JP,990,65
1415,1988-04-13,male,31,US,638,49
1416,1986-07-15,female,21,KO,429,79
1417,2006-12-08,female,21,KO,889,51
1418,2017-10-05,male,33,US,1,90
1419,1992-07-02,male,21,US,754,63
1420,1978-06-26,male,30,KO,821,23
1421,2008-06-15,female,32,KO,336,66
1422,1983-12-29,female,44,US,188,76
1423,1975-05-06,male,41,US,410,96
1424,1997-01-14,male,56,KO,840,9
1425,1973-12-19,male,49,JP,626,23
1426,1972-04-22,male,21,KO,369,57
1427,2007-08-22,male,27,KO,771,7
1428,1993-09-20,female,34,JP,480,70
1429,1990-11-14,male,20,US,954,15
1430,2015-06-24,male,39,JP,291,75
1431,2015-12-24,male,35,JP,567,30
1432,1971-09-23,male,54,US,884,12
1433,1989-04-02,female,28,KO,611,49
1434,1990-07-11,male,52,JP,741,80
1435,1982-07-29,female,43,JP,247,99
1436,1986-03-18,male,32,JP,217,70
1437,2017-04-10,male,49,KO,591,17
1438,2005-05-15,female,43,KO,662,20
1439,1979-04-05,female,34,KO,913,77
1440,2019-02-13,female,39,KO,488,9
1441,1986-09-10,male,19,KO,617,36
1442,1982-05-08,female,48,US,73,26
1443,2006-06-25,female,55,KO,57,5
1444,1976-07-21,male,53,JP,561,71
1445,2017-09-19,female,19,KO,801,32
1446,1984-12-23,female,35,JP,50,91
1447,1977-02-23,female,44,KO,885,72
1448,1977-01-09,female,34,US,328,16
1449,2006-03-14,male,34,JP,714,94
1450,1977-08-02,male,55,US,131,63
1451,1979-05-22,male,25,US,343,31
1452,2003-10-10,female,40,KO,430,36
1453,1981-12-04,male,20,KO,203,34
1454,2019-01-19,male,33,JP,158,71
1455,1997-11-26,female,25,KO,914,36
1456,1987-02-09,female,51,JP,469,89
1457,1991-05-11,female,28,KO,228,35
1458,2008-03-04,male,33,JP,19,69
1459,2000-01-04,male,50,JP,46,1
1460,1996-10-24,female,48,JP,115,16
1461,2018-12-25,male,56,KO,406,17
1462,1989-11-14,male,34,US,181,34
1463,2014-08-24,female,27,KO,478,76
1464,1999-10-13,male,25,US,590,95
1465,1978-10-24,female,25,JP,617,56
1466,2009-03-17,male,32,US,796,4
1467,1979-10-06,male,25,KO,635,73
1468,2007-05-11,female,53,KO,75,61
1469,2002-05-23,female,50,JP,205,79
1470,1971-05-09,male,31,US,901,83
1471,1994-11-11,male,55,KO,257,2
1472,2017-05-22,female,53,US,131,27
1473,1989-07-27,male,24,JP,828,8
1474,1972-06-11,female,21,JP,207,85
1475,2009-10-18,male,44,US,773,43
1476,2013-03-25,female,18,JP,946,15
1477,1994-10-02,male,58,KO,822,23
1478,2003-09-28,male,20,US,353,73
1479,1999-01-22,female,21,US,768,47
1480,2009-11-26,male,32,KO,485,88
1481,1985-02-04,male,24,JP,574,11
1482,1988-12-03,female,35,KO,675,24
1483,2005-12-03,male,48,US,740,62
1484,2010-11-23,male,31,JP,408,18
1485,1988-01-11,female,54,JP,552,83
1486,1997-12-19,male,58,KO,54,23
1487,1972-05-02,female,47,KO,601,19
1488,1989-06-10,male,49,JP,680,10
1489,2016-08-27,female,50,US,578,62
1490,1997-10-02,female,25,JP,162,2
1491,2000-08-31,male,26,JP,546,86
1492,1983-08-19,female,45,JP,293,46
1493,1971-08-12,female,54,JP,86,52
1494,2007-07-31,female,27,JP,399,46
1495,1997-03-19,male,43,US,934,27
1496,2011-10-10,male,24,JP,263,98
1497,1993-09-15,male,59,US,676,33
1498,1997-11-21,male,37,JP,364,61
1499,2012-03-09,female,45,US,859,73
1500,1990-07-09,female,28,JP,60,60
1501,2012-05-15,male,32,KO,410,63
1502,2010-01-12,male,29,KO,571,42
1503,2012-09-15,female,23,JP,311,64
1504,1998-07-26,female,58,JP,662,83
1505,1981-09-22,male,51,US,67,86
1506,2002-01-13,female,49,JP,593,86
1507,1975-12-07,female,44,US,736,68
1508,2010-01-08,female,18,JP,665,2
1509,2006-02-04,female,59,KO,864,53
1510,2018-06-18,female,20,JP,361,76
1511,1972-09-07,female,31,JP,807,59
1512,2002-02-13,male,48,KO,240,11
1513,1999-01-21,female,26,KO,408,39
1514,2003-12-21,male,32,KO,224,5
1515,2008-10-26,female,35,US,264,60
1516,1976-02-11,male,27,KO,507,2
1517,2010-07-03,female,35,JP,777,65
1518,1979-03-05,male,30,KO,216,46
1519,2012-12-16,male,58,KO,741,31
1520,2000-09-04,female,24,US,539,68
1521,1974-06-03,female,47,US,591,60
1522,1973-06-07,male,49,US,434,95
1523,2019-11-28,male,38,KO,443,3
1524,1994-04-30,male,31,US,639,89
1525,1975-12-05,male,44,US,838,16
1526,1982-05-26,male,35,JP,893,83
1527,2020-02-23,male,21,JP,969,57
1528,2006-10-10,female,21,JP,430,93
1529,1981-04-01,female,39,US,241,2
1530,1982-02-25,male,50,KO,175,27
1531,1994-05-16,male,25,JP,742,44
1532,2006-05-10,male,55,JP,491,15
1533,1981-02-04,female,50,US,197,86
1534,1988-01-30,female,57,JP,686,89
1535,1972-04-04,male,24,KO,839,45
1536,1977-11-26,female,45,JP,926,55
1537,1993-09-07,male,59,JP,53,90
1538,1970-11-30,female,53,KO,632,89
1539,1971-03-15,male,18,KO,43,33
1540,1979-06-23,male,34,KO,184,73
1541,1972-03-22,female,50,KO,821,42
1542,1996-04-01,male,29,KO,456,28
1543,2005-02-25,female,24,KO,20,43
1544,2017-05-21,female,23,US,456,96
1545,2013-02-20,female,47,JP,521,56
1546,1984-03-05,female,47,JP,511,98
1547,1998-11-28,male,45,KO,846,72
1548,2002-06-19,male,28,US,141,39
1549,1981-08-10,female,34,KO,408,78
1550,2009-02-02,female,55,JP,625,99
1551,1976-08-05,female,47,JP,446,25
1552,1988-10-31,female,49,JP,733,30
1553,2004-08-26,male,28,JP,581,2
1554,1986-09-29,female,22,JP,716,18
1555,1993-10-04,female,50,US,997,73
1556,2003-04-25,female,35,KO,13,29
1557,1988-08-17,female,38,KO,591,97
1558,2013-05-24,female,29,KO,347,75
1559,2012-05-22,female,42,KO,997,19
1560,2013-06-17,female,30,KO,2,43
1561,2008-04-05,female,26,KO,629,38
1562,1994-10-05,female,34,KO,721,74
1563,1980-07-12,female,58,JP,7,95
1564,1991-09-30,male,47,JP,777,60
1565,2016-12-01,female,56,US,543,35
1566,1990-05-07,female,50,KO,581,19
1567,2007-12-26,male,36,JP,815,85
1568,2008-05-14,male,42,US,733,26
1569,2007-11-19,female,26,JP,503,39
1570,2008-07-25,female,55,JP,368,49
1571,1990-10-21,female,31,US,409,96
1572,2018-06-02,male,43,JP,858,48
1573,1987-01-20,female,37,US,438,2
1574,2001-05-06,female,31,US,754,67
1575,2000-01-11,female,40,KO,188,88
1576,2008-01-18,male,50,US,440,17
1577,2009-06-12,male,40,US,748,89
1578,2000-04-27,female,58,JP,394,6
1579,1993-04-16,female,21,JP,612,4
1580,1980-12-27,female,18,US,7,31
1581,1970-12-21,female,39,KO,744,77
1582,1996-01-06,male,47,JP,926,97
1583,1977-04-03,female,56,JP,160,72
1584,1976-07-18,female,41,JP,374,19
1585,1987-09-29,male,51,JP,381,54
1586,2013-10-08,male,44,US,832,73
1587,2019-09-29,female,37,US,791,85
1588,2005-04-11,male,51,JP,348,22
1589,2008-03-05,female,22,KO,158,0
1590,1982-12-14,male,44,JP,194,73
1591,1970-10-05,female,18,KO,594,97
1592,1985-09-03,female,19,US,466,22
1593,2014-01-15,male,19,JP,136,75
1594,2001-05-08,female,37,KO,843,78
1595,1999-01-09,male,37,US,335,39
1596,2006-01-22,female,26,KO,96,36
1597,1984-09-13,male,55,JP,267,17
1598,1978-02-15,male,51,JP,54,49
1599,2013-12-06,male,28,US,203,61
1600,2002-12-30,female,31,JP,388,35
1601,2004-06-21,male,41,US,531,17
1602,1976-05-28,male,57,US,180,38
1603,2005-12-23,male,35,US,754,14
1604,2016-02-25,male,29,US,779,30
1605,2020-03-13,female,55,US,120,15
1606,1994-04-25,female,20,KO,978,55
1607,1981-09-12,male,24,US,210,84
1608,1987-07-06,male,51,US,424,44
1609,2010-10-24,male,22,JP,275,10
1610,1975-05-11,female,51,US,633,90
1611,2004-12-31,male,42,JP,270,85
1612,1987-09-15,female,29,KO,889,32
1613,1971-04-13,male,56,KO,850,90
1614,1980-04-02,male,53,US,825,70
1615,1980-10-09,female,42,US,970,53
1616,1978-02-14,male,45,US,947,36
1617,2003-05-06,male,41,JP,679,93
1618,1971-02-17,female,32,US,767,19
1619,2012-06-18,female,49,JP,443,18
1620,2012-11-30,female,43,US,706,17
1621,1997-09-16,female,52,JP,784,51
1622,1974-06-30,female,20,JP,206,84
1623,1989-05-10,female,30,US,715,99
1624,2015-05-23,male,58,KO,596,92
1625,1984-08-03,female,55,US,230,70
1626,2008-12-28,female,44,KO,540,73
1627,2006-06-22,female,49,US,923,13
1628,1999-08-11,male,47,JP,37,3
1629,1978-01-01,male,44,KO,56,32
1630,2000-10-15,female,32,KO,386,23
1631,1996-06-17,female,30,US,435,76
1632,2010-07-02,male,48,JP,341,92
1633,1996-06-21,male,36,US,562,35
1634,2004-06-02,male,32,JP,345,8
1635,2009-06-24,female,48,KO,587,2
1636,1971-06-05,female,48,US,218,50
1637,1976-05-04,female,31,US,439,53
1638,1973-12-02,female,52,JP,211,46
1639,1970-03-21,female,45,KO,11,22
1640,2002-11-16,female,40,KO,83,95
1641,2003-09-03,female,28,KO,701,33
1642,1997-03-03,female,31,JP,113,57
1643,1992-12-15,female,27,US,29,80
1644,2008-08-19,female,25,KO,636,14
1645,1978-08-09,female,23,KO,521,69
1646,2018-03-11,female,44,KO,972,16
1647,1989-07-10,female,40,KO,496,9
1648,2015-04-16,female,59,JP,674,56
1649,1988-07-19,male,59,JP,504,87
1650,1970-10-02,female,51,JP,141,98
1651,2020-01-25,male,37,JP,305,14
1652,2017-11-08,female,27,US,446,86
1653,1988-04-21,male,37,US,548,78
1654,2006-03-07,male,43,US,265,36
1655,1995-07-16,female,47,US,798,95
1656,2004-08-21,female,48,JP,510,73
1657,1983-10-06,female,59,KO,872,47
1658,2005-09-13,female,43,US,834,4
1659,1988-01-22,female,50,JP,482,83
1660,1998-10-07,female,31,JP,266,25
1661,2006-06-14,female,40,KO,379,85
1662,2003-10-13,male,34,KO,277,67
1663,1972-03-06,male,28,JP,115,6
1664,1977-12-11,male,24,KO,8,89
1665,2017-07-15,female,45,JP,453,88
1666,2002-07-15,male,28,KO,79,31
1667,2015-02-13,female,29,JP,213,29
1668,2000-09-12,male,47,US,466,91
1669,1992-11-04,female,48,JP,685,4
1670,2016-05-23,male,30,KO,275,40
1671,1997-07-18,female,18,JP,958,45
1672,2000-02-13,male,53,KO,253,67
1673,1997-07-03,male,43,US,918,77
1674,1979-05-19,male,44,JP,100,1
1675,1995-07-05,male,43,US,755,15
1676,1974-03-16,female,53,KO,590,51
1677,2010-07-03,male,18,US,827,78
1678,2004-12-06,female,58,US,204,39
1679,1970-04-28,male,21,US,271,36
1680,1984-09-08,female,49,JP,444,78
1681,1977-07-18,female,57,JP,885,21
1682,1975-09-27,female,47,JP,331,96
1683,2017-05-09,male,28,KO,24,75
1684,2007-02-10,male,47,US,83,10
1685,1976-05-03,female,34,JP,567,14
1686,2004-12-05,female,21,KO,415,39
1687,2009-09-18,female,37,JP,691,20
1688,1988-08-19,female,30,US,495,28
1689,1984-10-25,male,48,KO,856,46
1690,1986-09-19,male,45,US,110,74
1691,2012-07-27,female,50,US,128,32
1692,1977-10-11,male,19,JP,506,21
1693,2011-03-22,male,48,KO,954,81
1694,1995-03-09,male,29,US,235,14
1695,2016-07-11,female,40,JP,768,0
1696,2017-02-25,male,58,US,770,22
1697,1985-10-05,female,49,JP,59,72
1698,2006-09-28,female,51,JP,584,95
1699,1993-05-13,male,40,US,611,7
1700,1977-06-16,male,24,US,248,8
1701,1971-10-26,female,30,KO,666,7
1702,1982-11-22,female,37,US,75,42
1703,1997-09-22,male,37,KO,241,54
1704,1992-08-27,female,40,US,213,28
1705,1994-04-23,male,59,JP,389,20
1706,1998-12-25,male,47,US,30,82
1707,2003-03-25,female,59,US,755,14
1708,1980-06-02,male,55,KO,160,51
1709,1990-05-24,female,48,JP,257,71
1710,1982-02-20,female,49,JP,494,87
1711,1974-04-22,male,22,JP,112,41
1712,1971-05-16,male,47,KO,550,60
1713,1984-06-23,male,51,KO,656,59
1714,1985-03-29,female,41,JP,429,81
1715,1996-05-01,male,40,JP,824,97
1716,1983-03-15,male,57,US,316,93
1717,1978-08-20,male,26,US,401,76
1718,1990-03-23,female,53,KO,441,67
1719,2006-10-18,female,27,US,180,43
1720,1985-01-22,male,28,KO,697,37
1721,1998-05-19,male,31,US,227,68
1722,2012-07-06,female,29,KO,718,4
1723,1990-01-17,male,49,JP,381,25
1724,1997-11-17,female,28,US,841,74
1725,2015-09-10,male,40,KO,507,16
1726,2013-04-03,female,53,US,457,93
1727,1971-10-03,female,41,US,252,9
1728,1980-08-28,female,40,JP,937,47
1729,1976-05-20,male,24,KO,205,32
1730,2007-04-13,female,31,US,41,28
1731,1987-08-28,female,51,US,945,27
1732,1992-02-16,male,41,KO,857,99
1733,2000-08-11,male,34,US,994,2
1734,1995-03-23,female,36,JP,932,41
1735,1986-05-15,female,43,US,517,81
1736,1979-05-06,female,42,KO,589,55
1737,1987-05-03,male,32,US,779,65
1738,2019-08-26,male,25,US,290,40
1739,2019-08-09,male,55,JP,230,16
1740,1987-07-23,male,36,JP,474,37
1741,1988-04-17,female,50,JP,634,76
1742,1995-12-08,female,50,US,270,66
1743,2007-06-17,female,56,JP,806,84
1744,1993-10-17,female,28,US,255,22
1745,2005-04-30,female,29,JP,706,62
1746,2016-02-25,female,39,JP,425,65
1747,1971-02-23,male,56,KO,745,79
1748,2008-03-04,female,28,JP,938,37
1749,1994-12-04,male,52,JP,708,55
1750,2012-01-20,male,57,US,835,33
1751,1980-01-17,male,24,KO,928,3
1752,2010-05-08,female,46,US,888,29
1753,2016-04-20,female,33,KO,228,67
1754,2009-05-06,male,25,JP,746,7
1755,2011-07-01,male,24,US,692,97
1756,2004-01-23,female,38,JP,2,47
1757,1981-08-14,male,48,JP,200,3
1758,2019-09-14,female,55,US,589,96
1759,1984-02-14,male,58,JP,248,64
1760,2006-01-16,male,19,US,967,25
1761,1982-11-23,female,57,US,336,85
1762,1989-11-07,female,48,KO,423,74
1763,2008-03-13,male,57,JP,77,27
1764,2014-10-05,female,53,US,906,72
1765,2020-01-15,male,48,KO,450,6
1766,1982-12-22,male,28,JP,527,84
1767,1970-06-19,male,45,JP,420,80
1768,1992-09-29,female,41,JP,762,52
1769,1993-07-23,male,38,JP,566,25
1770,1987-09-03,male,56,JP,165,75
1771,2020-05-09,male,23,JP,179,6
1772,2002-10-18,female,46,JP,663,6
1773,1995-05-11,female,34,KO,536,59
1774,1988-12-15,female,32,US,858,82
1775,1996-11-22,male,20,JP,156,87
1776,1997-12-04,female,23,US,611,69
1777,1991-05-11,male,38,US,305,49
1778,2011-01-10,male,48,KO,840,9
1779,2017-08-31,female,23,KO,463,7
1780,1989-06-03,female,36,US,979,21
1781,1998-09-07,male,25,JP,983,11
1782,1990-09-04,female,18,US,354,42
1783,2000-06-10,male,50,KO,812,98
1784,2006-02-21,female,30,JP,658,81
1785,1978-08-14,female,56,JP,232,44
1786,1996-03-14,female,40,US,612,55
1787,1979-05-10,male,29,KO,753,2
1788,1985-09-02,female,56,US,920,99
1789,2007-11-05,male,31,US,339,64
1790,1998-09-14,female,46,JP,340,26
1791,1986-12-14,female,31,US,60,1
1792,1982-02-09,male,20,JP,425,95
1793,2002-02-19,male,33,KO,251,98
1794,1999-09-19,female,39,JP,207,19
1795,1973-03-21,female,23,JP,862,37
1796,2018-10-04,female,55,KO,355,41
1797,1991-09-01,male,34,US,951,35
1798,1973-04-11,female,48,US,195,20
1799,1993-01-28,male,46,KO,726,68
1800,1979-03-15,male,20,KO,668,37
1801,2016-03-27,female,23,US,197,94
1802,2010-08-28,female,56,US,49,67
1803,1979-10-31,female,22,US,110,43
1804,2010-03-31,male,35,US,515,65
1805,1980-01-02,female,32,KO,774,26
1806,2015-12-08,female,43,JP,671,57
1807,2003-01-10,male,52,US,544,1
1808,2014-05-25,female,38,KO,178,69
1809,1976-09-09,female,48,JP,322,13
1810,1982-01-04,female,37,JP,52,38
1811,1992-03-01,female,45,KO,860,74
1812,1980-02-21,female,40,JP,45,20
1813,1975-09-08,male,21,KO,292,28
1814,1989-08-30,male,54,US,583,44
1815,2016-12-12,female,43,JP,502,20
1816,2009-04-15,female,33,US,219,74
1817,1998-11-24,male,58,US,389,13
1818,1999-06-22,female,44,KO,838,44
1819,1978-10-08,female,31,JP,101,90
1820,1987-02-26,male,39,KO,216,95
1821,1985-05-10,female,56,US,666,62
1822,1989-06-05,female,48,JP,837,63
1823,2017-02-04,male,47,KO,491,71
1824,1986-11-22,female,24,JP,89,48
1825,1994-06-27,female,59,US,809,74
1826,1970-08-25,female,48,JP,57,90
1827,1982-08-25,male,55,US,314,91
1828,1984-03-25,female,46,JP,641,80
1829,1979-12-05,female,46,KO,644,64
1830,1977-08-06,male,19,US,418,26
1831,2015-08-30,male,50,JP,242,85
1832,1994-01-16,male,55,KO,807,57
1833,2003-06-15,female,26,US,131,13
1834,1979-04-02,female,41,KO,715,49
1835,1975-08-13,female,52,US,635,21
1836,1984-01-06,female,52,KO,958,54
1837,1994-09-26,female,38,US,449,70
1838,2008-02-23,female,45,KO,544,8
1839,2000-03-18,female,28,KO,482,91
1840,1982-03-02,female,29,US,458,89
1841,1983-11-30,female,31,JP,132,17
1842,2008-09-07,female,53,JP,374,64
1843,1982-07-28,male,33,US,407,14
1844,1994-07-03,male,42,JP,581,2
1845,1992-03-01,male,47,JP,214,11
1846,1985-05-16,female,36,JP,954,85
1847,1993-12-03,male,19,US,661,99
1848,1985-09-18,female,39,KO,251,81
1849,1992-12-16,male,59,US,427,2
1850,2003-01-16,male,44,JP,356,87
1851,1971-10-26,female,51,JP,317,22
1852,1993-06-13,male,23,US,322,50
1853,2002-04-06,female,59,JP,258,83
1854,2002-12-10,female,43,US,144,34
1855,1992-11-24,male,37,JP,824,66
1856,1983-04-29,male,55,JP,879,1
1857,2014-01-19,male,27,KO,180,71
1858,1997-11-15,female,58,KO,266,71
1859,1993-11-03,female,44,KO,740,16
1860,1975-05-03,male,36,KO,458,30
1861,1983-05-04,male,45,JP,137,93
1862,1986-09-02,female,22,JP,354,45
1863,1991-03-22,female,38,JP,603,95
1864,2003-12-02,female,53,US,970,78
1865,1987-04-30,male,55,JP,695,60
1866,1971-01-07,male,47,KO,613,48
1867,2012-12-07,male,19,US,877,65
1868,1970-12-12,male,57,KO,688,58
1869,2011-01-09,male,41,JP,716,83
1870,1982-08-26,female,55,JP,645,4
1871,2012-12-22,male,30,US,38,76
1872,1988-04-29,female,31,US,757,78
1873,1987-01-25,female,54,JP,723,55
1874,2009-06-04,female,39,KO,258,81
1875,1987-08-09,male,33,KO,225,1
1876,1988-07-28,male,52,US,39,13
1877,1996-08-13,female,53,KO,717,75
1878,1972-05-06,male,24,JP,76,82
1879,1977-04-13,male,45,US,11,5
1880,1992-11-14,male,38,US,825,72
1881,2002-07-11,female,24,JP,951,59
1882,2002-02-01,male,51,KO,101,7
1883,1985-10-19,male,21,JP,823,66
1884,2016-04-02,female,40,KO,806,17
1885,1986-03-20,male,46,JP,355,45
1886,1994-08-08,female,53,KO,595,39
1887,2001-06-09,male,45,KO,675,12
1888,2013-06-30,female,36,JP,880,75
1889,2006-07-30,male,35,KO,544,85
1890,1992-06-20,male,25,JP,338,21
1891,1985-01-06,female,59,KO,428,80
1892,1973-04-10,female,35,KO,110,27
1893,2010-01-09,female,47,KO,760,57
1894,2005-08-12,female,42,US,403,32
1895,2011-06-08,male,58,KO,707,95
1896,1970-11-10,female,53,KO,475,71
1897,1984-01-09,male,24,US,297,13
1898,2008-09-29,male,43,JP,293,48
1899,2016-07-07,female,25,JP,69,4
1900,1971-02-21,female,55,JP,390,80
1901,1990-02-03,female,59,US,503,26
1902,1997-07-18,female,24,JP,668,72
1903,2010-02-03,male,57,US,542,37
1904,2009-10-07,male,42,JP,898,98
1905,2002-08-16,male,38,JP,412,53
1906,2014-07-18,male,20,KO,978,99
1907,2004-10-19,female,20,JP,175,36
1908,2020-10-21,male,19,US,475,44
1909,1986-03-20,female,33,KO,712,11
1910,2000-09-27,female,59,JP,564,68
1911,1971-05-21,female,28,JP,35,38
1912,2017-03-18,male,27,JP,731,33
1913,1989-09-11,male,57,US,620,15
1914,2002-04-22,male,56,JP,521,98
1915,1996-02-14,female,19,JP,472,98
1916,1983-09-15,male,38,US,541,0
1917,1979-05-05,male,49,KO,787,73
1918,1970-06-24,female,26,JP,207,28
1919,1989-07-15,male,31,JP,737,61
1920,2002-12-04,male,55,JP,159,71
1921,1978-07-22,female,50,US,587,8
1922,2018-11-17,male,27,KO,948,81
1923,1972-01-11,male,31,KO,54,0
1924,2001-02-05,male,44,KO,862,10
1925,1973-01-21,male,33,US,174,44
1926,1981-11-11,male,59,US,176,41
1927,1993-10-26,female,44,JP,205,45
1928,1996-03-03,male,31,US,986,13
1929,1989-08-30,male,39,US,995,97
1930,2016-02-26,female,20,US,150,33
1931,2012-06-05,male,24,JP,524,14
1932,1984-08-26,female,26,JP,455,99
1933,2012-12-20,female,38,KO,39,99
1934,1971-06-20,female,54,US,151,77
1935,2005-04-19,female,45,US,527,57
1936,2002-11-18,male,59,JP,521,61
1937,2018-09-08,male,19,JP,230,42
1938,1997-06-21,female,41,JP,548,89
1939,1993-07-06,female,32,JP,82,43
1940,2000-01-21,male,30,KO,914,79
1941,1990-05-18,male,37,JP,122,69
1942,2007-11-03,male,44,KO,38,36
1943,1995-05-15,male,25,KO,190,29
1944,1987-05-28,female,18,US,7,23
1945,2011-10-13,female,23,US,476,85
1946,1984-03-24,female,29,US,881,22
1947,1995-03-02,female,24,US,82,22
1948,1991-07-17,female,36,KO,141,64
1949,2004-06-17,female,56,US,93,15
1950,1983-01-16,female,21,JP,535,14
1951,1972-11-05,male,57,US,476,71
1952,1998-02-13,female,56,JP,78,7
1953,2000-07-18,male,39,JP,171,30
1954,2015-09-29,male,56,KO,670,42
1955,2019-11-06,female,24,US,193,86
1956,1974-06-18,male,18,US,102,13
1957,1983-07-09,male,44,JP,637,44
1958,1975-03-23,male,31,JP,237,73
1959,2008-01-29,female,56,US,684,56
1960,2016-04-23,male,18,JP,242,53
1961,2019-09-06,female,44,JP,115,97
1962,2019-06-24,female,53,US,398,59
1963,2008-12-21,male,58,US,488,0
1964,1989-09-18,female,19,JP,183,98
1965,1970-06-23,female,48,KO,525,59
1966,2009-07-27,male,18,JP,322,25
1967,1979-10-22,female,18,KO,903,79
1968,2003-06-14,male,18,US,919,45
1969,2001-03-21,male,24,US,164,39
1970,2004-07-05,male,44,US,449,49
1971,1981-08-30,female,28,US,860,9
1972,1992-02-08,female,31,KO,435,90
1973,1974-06-04,female,58,KO,60,72
1974,2009-08-16,male,46,JP,883,94
1975,2000-05-22,female,32,US,53,96
1976,1998-09-16,female,55,KO,230,72
1977,1970-04-18,female,22,JP,85,45
1978,1994-07-20,female,19,KO,50,36
1979,1999-11-01,male,58,JP,1,99
1980,1998-02-13,female,52,KO,997,50
1981,1994-06-23,female,33,US,138,7
1982,1994-11-16,male,46,US,457,27
1983,1996-11-22,female,23,JP,846,78
1984,1974-01-20,male,32,KO,46,73
1985,2009-02-07,male,56,JP,334,17
1986,1979-06-06,male,46,US,311,64
1987,1979-01-08,male,19,KO,401,26
1988,1999-01-13,male,24,US,531,49
1989,1984-06-12,female,42,US,621,65
1990,2007-02-07,female,52,KO,610,66
1991,1971-03-28,male,54,US,372,80
1992,1971-10-05,female,49,JP,122,8
1993,2000-03-15,female,35,JP,697,64
1994,1983-01-07,male,38,JP,681,78
1995,1977-02-06,male,43,JP,643,93
1996,1984-05-06,female,18,US,535,48
1997,1989-09-23,female,20,US,703,30
1998,2004-02-24,female,59,JP,46,2
1999,2020-05-19,female,53,US,468,26
2000,1995-11-13,male,36,US,88,7
